{
  "test_loss": 0.3206503205541251,
  "accuracy": 0.8695652173913043,
  "precision": 0.8918918918918919,
  "recall": 0.868421052631579,
  "f1": 0.88,
  "best_val_loss": 0.2814613742672879,
  "input_dim": 20,
  "embed_dim": 32,
  "categorical_cols": [
    "Sex",
    "ChestPainType",
    "RestingECG",
    "ExerciseAngina",
    "ST_Slope"
  ],
  "numeric_cols": [
    "Age",
    "RestingBP",
    "Cholesterol",
    "FastingBS",
    "MaxHR",
    "Oldpeak"
  ]
}