{
  "accuracy": 0.5369261477045908,
  "macro_precision": 0.3509403967182515,
  "macro_recall": 0.5039538960716914,
  "macro_f1": 0.36983856934551346,
  "n_test": 1503
}