{
  "test_loss": 1.0961053478503655,
  "accuracy": 0.5535595475715236,
  "macro_precision": 0.3919065408361545,
  "macro_recall": 0.557320863833933,
  "macro_f1": 0.419981301889754,
  "micro_precision": 0.5535595475715236,
  "micro_recall": 0.5535595475715236,
  "micro_f1": 0.5535595475715236,
  "best_val_loss": 0.9890354660633559,
  "class_names": [
    "akiec",
    "bcc",
    "bkl",
    "df",
    "nv",
    "mel",
    "vasc"
  ],
  "per_class": {
    "akiec": {
      "precision": 0.24427480916030533,
      "recall": 0.6530612244897959,
      "f1": 0.35555555555555557
    },
    "bcc": {
      "precision": 0.330188679245283,
      "recall": 0.45454545454545453,
      "f1": 0.3825136612021858
    },
    "bkl": {
      "precision": 0.41379310344827586,
      "recall": 0.43636363636363634,
      "f1": 0.4247787610619469
    },
    "df": {
      "precision": 0.08163265306122448,
      "recall": 0.47058823529411764,
      "f1": 0.1391304347826087
    },
    "nv": {
      "precision": 0.9547738693467337,
      "recall": 0.5666003976143141,
      "f1": 0.7111665626949469
    },
    "mel": {
      "precision": 0.4444444444444444,
      "recall": 0.7272727272727273,
      "f1": 0.5517241379310345
    },
    "vasc": {
      "precision": 0.2742382271468144,
      "recall": 0.592814371257485,
      "f1": 0.375
    }
  }
}