{
  "test_loss": 1.156116224175997,
  "accuracy": 0.5369261477045908,
  "macro_precision": 0.3509403967182515,
  "macro_recall": 0.5039538960716914,
  "macro_f1": 0.36983856934551346,
  "micro_precision": 0.5369261477045908,
  "micro_recall": 0.5369261477045908,
  "micro_f1": 0.5369261477045908,
  "best_val_loss": 1.1748509183228413,
  "class_names": [
    "akiec",
    "bcc",
    "bkl",
    "df",
    "nv",
    "mel",
    "vasc"
  ],
  "per_class": {
    "akiec": {
      "precision": 0.22608695652173913,
      "recall": 0.5306122448979592,
      "f1": 0.3170731707317073
    },
    "bcc": {
      "precision": 0.3333333333333333,
      "recall": 0.2597402597402597,
      "f1": 0.291970802919708
    },
    "bkl": {
      "precision": 0.3349282296650718,
      "recall": 0.42424242424242425,
      "f1": 0.37433155080213903
    },
    "df": {
      "precision": 0.045454545454545456,
      "recall": 0.35294117647058826,
      "f1": 0.08053691275167785
    },
    "nv": {
      "precision": 0.9308681672025724,
      "recall": 0.5755467196819085,
      "f1": 0.7113022113022113
    },
    "mel": {
      "precision": 0.296875,
      "recall": 0.8636363636363636,
      "f1": 0.4418604651162791
    },
    "vasc": {
      "precision": 0.28903654485049834,
      "recall": 0.5209580838323353,
      "f1": 0.3717948717948718
    }
  }
}